"text;label";
"The largest, safest, and most secure website to view, buy and sell feet pics! Millions of verified users! 5,000+ 5 star reviews!,Get started below,,,;2";
"18+,""two models, we block transaction fees/checks"",only responding to â€œmenuâ€,,;2";
"East London clubbing institution since 1999.,,,,;0";
"Mfs really get turned on by â€œ,feet,â€,,;2";
"This is what a 15,foot,hurricane storm surge looks like. It's terrifying.,,;0";
"""LET ME SMELL YOUR,FEET,""!"""""",,;2";
"Members,SFW FEET GALLERY,22K,,;0";
"How many skins each female hero has that shows their,feet,,,;0";
"Bully scores a,foot,long sandwich.,,;0";
"Ronaldoâ€™s right,foot,Messiâ€™s left,,;0";
"Correct,foot,massage.,,;0";
"My 0,feet,""away Grindr date is apparently staying in a building across the street. So, I made him wave."",,;0";
"15,feet,is too damn high to try to weather it out. Please evacuate.,,;0";
15,feet,is too damn high to try to weather it out. Please evacuate.,,;
"the dandadan monster of the week is based on the real life â€œflatwoods monsterâ€, a 10,foot,""tall alien spotted in flatwoods west virginia in 1952 after a bright light crossed the sky;0";
;
"dandadan being based on real life folklore is so fun man"",https://abs-0.twimg.com/emoji/v2/svg/1f19a.svg,https://abs-0.twimg.com/emoji/v2/svg/2753.svg;0";
"J Cole imagination - My friends went to war, I walked away with all the blood on me

Reality- J Cole walked away with no blood on him,,,,";
"This girl went to jail after pushing her friend off a 60-,foot,bridge,,;0";
"T-ARA Hyomin's,feet,,,;0";
"A woman on tiktok joked her house was haunted and then was digging in her backyard to build a firepit and came across a rug buried 2.5,feet,deep and was urged to call police who sent 2 cadaver dogs and they both signaled for a dead body and now half her yardâ€™s a crime scene,,;0";
When your girlfriend has pain in the,feet,and your masculinity isn't fragile,,;
"JT told Glorilla â€œgo work on your craftâ€ and glo ainâ€™t take her,foot,off the gas since bruh,,;0";
JT told Glorilla â€œgo work on your craftâ€ and glo ainâ€™t take her,foot,off the gas since bruh,,;
"does your,foot,ever just,,;0";
"A lesser filmmaker would have used rear-projection to get this shot but Michael Powell was like â€œletâ€™s just fly a twin engine fighter plane 20,feet,above David Nivenâ€™s headâ€,,;0";
"*WOW* - MAJOR Hurricane MILTON *UPDATE*
I have NEVER seen a Hurricane like this in my life... 
No one HAS!

(FULL Video Breakdown IN the works!)
Models have SLIGHTLY shifted SOUTH!
Landfall MAY be closer to Bradenton south to Venice!

Currently 155-160 MPH winds
13-20-,Feet,of,,";
"why he tryna stick his,foot,in it,,;0";
"Footage from 2013 captures the final moments of 28-year-old Jacob Cockle before he was tragically pulled into a deadly whirlpool.;0

In December 2008, Jacob narrowly avoided death when he was trapped between a stone pier and a sudden 30-,foot,""wave while surfing near Penzance,"",,";
"CAKED IN,FEET,""OF SAND in Venice Beach, Florida from Hurricane Milton"",,;0";
"Inside Hurricane Milton,,feet,reported wave height of 28.12,,;0";
"~~!! NEW MUSIC VIDEO !!~~  

ã€Œsix,feet,""underã€ ";
"by Calliope Mori x TK;0";
;
"Premiere @ 1pm JST / 9pm PST"",,;0";
"If Kiara doesnt want,feet,""merch, there are... other options"",,;0";
"Lâ€™Ã©quipe de France est sur place,,,,;0";
"Just learned that standing this close to a 380,feet,waterfall is a thing (Devil's pool - Victoria falls ),,;0";
"A monk climbing with bare,feet,on the cliff that tourists climb on with the help of a rope,,;0";
"sheâ€™s a ten but itâ€™s,feet,,,;0";
"ã€Œsix,feet,""underã€   ";
"by Mori Calliope x TK  ;0";
;
" Vocals/EN Lyrics: Mori Calliope  ;0";
"Track/JP Lyrics: TK   ;0 ";
"full MV:"",,;0";
"Noodling is fishing using one's bare hands or,feet,"",;0";
"I love smell your feet,;2";
"Watch this"",,;0";
"What's on your,feet,today?,,;0";
"What's on your,feet,today?,,;0";
"çš†ã•ã‚“ã€é™ã‹ã«ï¼ã‚µãƒ¡æ§˜ãŒè¬›æ¼”ã‚’å§‹ã‚ã¾ã™ã‚ˆï¼

...ã€Œ,FEET,ã€,,";
"A monk climbing with bare,feet,on the cliff that tourists climb on with the help of a rope,,;0";
"sprang into action to rescue a family from severe flooding in Dover. Eight people, including a child, were trapped in their home with water levels reaching over 6,feet,. HCSO safely evacuated the entire family.,,;0";
"IPL trophy at the,feet,of Maa Durga.,,;0";
"ik the animators were giggling and kicking their,feet,in the studio for this ending,,;0";
"This nigga making shit up he just wanna touch some,feet,,,;1,2";
"Cette prof (qui doit voter Front Populaire), explique Ã  quel point le,foot,""est fasciste et patriarcal, car le terrain est situÃ© au milieu de la cour de rÃ©crÃ©.;????";
;
"En revanche, elle porte un maillot de l'Ã©quipe algÃ©rienne."",,";
"my bae got her,feet,done for Halloween,,;2";
"ask me to show,feet,or tummy one more time iâ€™m gonna GO TO HR AND TELL THEM YOU SEXUALLY HARASSED ME SICKO,,;1,2";
"It is with a heavy heart that Sheriff announces the death of K9 Kodak. Kodak was injured during the,foot,""pursuit of a suspect from a stolen vehicle on Oct 5.;0";
 ;
"During the track, K9 Kodak got entangled in razor wire that was concealed by brush, and sustained severe lacerations."",,;0";
"BREAKING:,feet,""QB Kyler Murray had to be RESCUED by TeamHCSO after refusing to leave his Florida Condo before Hurricane Milton. ;0";
;
"Kyler MIRACULOUSLY survived the 4"",,;0";
"Eh Greenwood les vidÃ©os qui tombent sur lui c'est pas possible,,,,;0";
â€œMy sister isâ€¦ in another locationâ€,GIF,#arctober,,;
"EVIDENCE OF A SET-UP:
- Secret Service did not secure the nearest tall building, ~400,feet,""from the stage with line of sight";
#NAME?;
" Attendees alerted law enforcement to the presence of robbery;0";
"Imagine not being in an evacuation zone and having to be rescued. This happened to dozens early today in Clearwater. All from heavy rainfall from Milton. Water was about two,feet,higher than this! I always try and talk about impacts outside of landfall. Inland flooding is,,;0";
"Flying  332,Feet,""in a hot wheels truck for world record jump;0";
;
"This is driver Tanner Foust"",,;0";
æ˜¨æ—¥ã¯10-,FEET,è¡Œã£ã¦ãŸã‚ˆãƒ¼ãƒ¼ï¼,,;
"How to score Free Kicks on FC 25;0

â€¢,foot,Outside,,";
"Kamala: Too Afraid to debate Trump on Fox News

Trump: First sitting U.S. President to step,foot,in North Korea,,";
"Thank you for stream! ;0
I hope y'all aren't too turned off from the,feet,LMAO,,";
"Your wallet is the only voice I want to hear! ;0

Pay up and prove your place at my,feet,.,,";
Kana arima after making me cum with her,foot,.,,;
"Tag the,feet,below,,;0";
"Need her in this pose showing her,feet,,,;0";
"Touch Maa's,feet,with this,,;2";
THREAD : Ce mec lÃ , recherchÃ© dans toute la France.,,,,;
"Hereâ€™s an atrocious call on PJ Washington. He gathers the ball at the moment he lands with both,feet,down. Heâ€™s absolutely allowed to lift whichever,,;0";
"One of my all-time favorite videos to share from time to time.,foot,Two IDF female soldiers found a camel with its,,;0";
"panties,feet,,,;2";
"Ukrainian sniper, Vyacheslav Kovalskiy, broke the record for longest confirmed sniper kill at 12,468,feet,"". The bullet took 9 seconds to reach its target. The shot was made with a rifle known as """"Horizon's Lord."""""",,;0";
"You will always remain in our heart,feet,. The dream of touching your,,;0";
"A raccoon loses a challenge with his friends and goes to touch a human's,foot,.,,;0";
"Here is what a 15,foot,hurricane storm surge looks like folks.,,;0";
"CAT5 Hurricane MIOLTON *UPDATE*;0

POTENTIAL Hurricane NADINE may be on Hurricane Milton's toes After Landfall!,FEET,""Major Hurricane Milton Current Data:";
"LANDFALL 1-2am Thursday Morning (DARK);0";
"165 MPH Sustained Winds;0";
"190 MPH Gusts;0";
"15-20"",,;0";
"Cristiano Ronaldo - Goal catalogue;0

Weak,foot,ONLY.,,";
"GIGGLING KICKING MY,FEET,PLUCKING OOMFâ€™S TOE HAIRS,,;2";
"!! ORIGINAL SONG MV !!;0

ã€Œsix,feet,""underã€  ";
by Mori Calliope x TK ;
;
Vocals/EN Lyrics: Mori Calliope ;
"Track/JP Lyrics: TK ;0";
;
"full MV:"",,";
"I chicken out jumping into the swimming pool from the side. Not in a million years would I do this,feet,""This is CÃ´me Girardot, 22 who has set a world record in """"de*th diving"""" by jumping 145.34"",,;0";
"Municipal Stadium El Alto, located in El Alto, Bolivia sits 13,450,feet,ABOVE sea level and is one of the HIGHEST football stadiums in the world,,;0";
"The wind up on that,foot,sweep tho,,;0";
"This is what I mean when I say Iâ€™ve been much more impressed with Brock Purdy this season than the past few.;0

Absurdly tight window to fit that ball into. 

Just as impressive play by George Kittle to get those,feet,down as well.,,";
"145.3,feet,! Girardot sets an unbelievable World Record Jump,,;0";
"EVACUATE NOW OR DROWN!,feet,Storm surge has begun in Florida. The storm has yet to make land fall. Some areas will have up to 15,,;0";
"JÃ©rÃ´me Rothen : Â« Le message envoyÃ© par MbappÃ© est : 'ð—ð—² ð—»'ð—²ð—» ð—®ð—¶ ð—¿ð—¶ð—²ð—» ð—®Ì€ ð—³ð—®ð—¶ð—¿ð—² ð—±ð—²ð˜€ ð—•ð—¹ð—²ð˜‚ð˜€,,""!'.";
;
"Deschamps prends tes cojones dans les mains et enlÃ¨ve lui le brassard de capitaine !"",,";
"BREAKING: The storm surge for Hurricane Milton is expected to be 15,feet,"".;0";
;
"To give you an idea of how deadly this is, here's what 9"",,;0";
On est Ã  la confÃ©rence de presse du match retour Espagne-France entre DjMariio et Amine !,,Ã‰crivez-nous les questions que vous souhaitez poser Ã  Amine et Said.,,;
On est Ã  la confÃ©rence de presse du match retour Espagne-France entre DjMariio et Amine !,,Ã‰crivez-nous les questions que vous souhaitez poser Ã  Amine et Said.,,;
"after the one hour private tested stream, i can reassure that i can stream smoothly (connection wise). the thing is, i think i really should use my,feet,to hold the mic. yes,,;0";
"The expected wavelength when Hurricane Milton makes landfall is 15-20,feet,.,,;0";
Kylian Mbappe a Ã©tÃ© aperÃ§u hier, en soirÃ©e, Ã  Stockholm.,,,,;
"s mansion in Texas was reduced to nothing more than a pile of rubble on Tuesday ... and the,feet,superstar watched all of its destruction from just,,;0";
"Giggling & kicking my,feet,so hard right now,,;2";
"This is not love. knowing Speed has just broke his,foot,""and still assaulted him trying to exit. almost seriously injured Speed, myself & our ground team. Damaged our vehicle. Broke windows at an innocent shop. ;1";
"This is the worst reception of any country thus far. Be better humans"",,;0";
"To my Daddy Dom,feet,Tomorrow you walk into that shark cage suspended tons of,,;0";
"look at their little,feet,prints!,,;0";
"""ONE OF THOSE BLACK JOBS"": Former first lady Michelle Obama brings audience to their,feet,in fiery DNC speech where she tears into Donald Trump.,,;1";
"Today as I was leaving my house a woman I have never seen before jumped infront of my car.;0

She tried to commit suicide I assume.

I pulled out the gate, floored the Ferrari, and had to slam maximum as she ran into the road.

I didnt touch her, I stopped about one,foot,before,,";
"Mark Zuckerbergâ€”who recently purchased a $300 million, 387-,foot,""megayacht, powered by four gigantic diesel enginesâ€”tells us about the importance of """"stopping climate change before we destroy the planet""""."",,;0";
"Sabrina Carpenter speaks on traditional Chinese,foot,""binding:;0";
;
"â€œGirl I canâ€™t with that messâ€"",,";
"THIS GOT ME CHEESIN GIGGLIN KICKIN MY,FEET,OMG DUDES ROCK,,;2";
"Touch Bappa's,feet,with this,,;2";
"About 17 years ago, I was riding my bike down a country road with my dad and heard meowing. I told dad there was a kitten somewhere but he was unenthused and left (,feet,"").;0";
"I walked through the forest looking up for a cat in a tree when, at my"",,;0";
"Welcome to La Liga.,,,,;0";
Iâ€™m 6â€™2,foot,tall & Iâ€™m a 30BG,,;
"This is so powerful,foot,This woman is praying for President Trump and praying that Kamala never steps,,;0";
"Quick update on where Iâ€™m at. Weâ€™re all good here in Port Charlotte. The water is up about 5,feet,so far. We had a lot of wind last night and a lot more coming. Prayers for anyone thatâ€™s indirect path of massive storm,,;0";
"Bangladeshi Muslims are 'empowering' a girl by making her wear a hijab. In gratitude, she thanks them by kissing their,feet,"". This is the 'respect' Islam gives to girls.;0";
;
"Pray for all the Hindu girls, as the world has left them at the mercy of these Jihadis."",,;0";
"An eight,foot,"", 22-year-old Wolf Eel gets scritches from his diver friend of 18 years"",,;0";
"This time-lapse video shows what a 4.5 meter (15,feet,"") storm surge looks like. ;0";
;
"The video was recorded in Ft. Myers Beach, Florida during hurricane Ian landfall.;0";
;
"["",,";
"Top 5 in bed kick,feet,up doing his research on Kendrick Lamar,,;0";
"Top 5 in bed kick,feet,up doing his research on Kendrick Lamar,,;0";
"GIANT NUDE TRUMP STATUE INSTALLED NEAR LAS VEGAS

A 43-,foot,""-tall nude statue of Donald Trump titled """"Crooked and Obscene"""" was erected along Interstate 15 near Las Vegas over the weekend.";
;
"The foam and rebar statue has drawn mixed reactions on social media, with some calling"",,;0";
"KOE IS 8/10,FEET,GUY,,;0";
"Yeni versiyon HAARP Teknolojisi ve GÃ¼cÃ¼
Test Ediliyor.

ABDâ€™deki Milton KasÄ±rgasÄ±â€™nÄ±n
Atlantik tarihindeki 4.bÃ¼yÃ¼k kasÄ±rga
ve kategori 5 tÃ¼rÃ¼nde olduÄŸu sÃ¶yleniyor.
YaÅŸanacak olasÄ± sel baskÄ±nÄ±nda
su seviyesinin 15,feet,""olacaÄŸÄ± belirtiliyor.";
;
GÃ¶rÃ¼ntÃ¼deki simÃ¼lasyon;
"9"",,";
if Family Matters did what Not Like Us is doing them ovhoe bitches wouldnâ€™t shut up. I hope Kendrick keeps his,foot,on the gas.,,;
"Ã€ seulement 22 ans,,foot,""a dÃ©jÃ  accompli de trÃ¨s grandes choses dans sa vie !";
;
"Mais pour le"",,";
"Van Dijk to Lisandro MartÃ­nez after the foul on Szoboszlai: ""Come and do this to me"",This media has been disabled in response to a report by the copyright owner.,,,";
"When I tell yâ€™all Golden Steer has their,foot,on my neckâ€¦,,;0";
6-,foot,-8 heavyweight MMA fighter got exposed by a 5-,,;
"Dublin ;1,2

A group of muslims take over the,foot,path to pray outside.,,";
"Unbelievable angle of,feet,caught by Saildrone. The data showed wave height of 28.12,,;0";
"Foolio murder suspect Sean Gathrightâ€™s car had shell casings possibly connected to the slain Jacksonville, Florida rapperâ€™s October 2023,foot,""shooting, and a separate May 2024 murder"",,";
"DEVELOPING: This man put a firework inside of a clothes dryer and kept the door closed with his,feet,""â€˜to see what would happen.â€™ ;0";
;
"The bad judgment explosion happened in Richmond, Indiana. The dryer blew up and sent the man flying backward with debris flying around him. ;0";
;
"The"",,";
"Jamais je n'aurai du respect pour un homme, lorsqu'on lui a demandÃ© s'il allait participer Ã  la marche contre l'islamophobie aprÃ¨s l'attentat de la mosquÃ©e de Bayonne, a dit : 

Â« J'irai pas dimanche je joue,foot,"". Â»";
;
"Ruffin Ã§a sentait dÃ©jÃ  trÃ¨s mauvais en 2019."",,";
"Reuters confirms about 1500 Hezbollah terrorists have been blinded or lost their hands and,feet,(and other organs) in the beeper attack.,,;0";
"Streamer Demisux reveals she pays her mods with,feet,pics,,;0";
"The Harpy Eagle is the most powerful Eagle in the world. Itâ€™s wingspan can get up to 7.5,feet,,,;0";
"Step by step. Good..,,cc,,;0";
"This 90 year old veteran was surprised with an envelope of cash to help him get back on his,feet,""Because this video is currently going viral â€” thereâ€™s currently a gofundme fundraiser for him with already over $85,000 in donations !!! ;0";
;
"What a special moment"",,;0";
"Sun drying tomatoes at the,foot,of Mount Etna in Sicily,,;0";
"Survey of one of the hardest hit areas by storm surge this is Englewood Beach, FL with massive boats deposited on the road by 10+,feet,of storm surge from Hurricane,,;0";
"uncrop the,feet,right now,,;0";
"Was wÃ¤re, wenn das dein Kopf unter meinem FuÃŸ wÃ¤re? 
Ich wÃ¼rde den Druck erhÃ¶hen,,,,";
"Pervert, I canâ€™t believe youâ€™re seriously getting this excited from licking my,feet,!!,,;2";
"If you're on the west coast of Florida, Hurricane Milton is going to create a 15,foot,storm surge. This is what that looks like.,,;0";
"CATASTROPHIC STORM SURGE EXPECTED AS HURRICANE MILTON NEARS TAMPA BAY;0

As Hurricane Milton barrels toward the Tampa Bay area, officials are warning that a direct hit could be historic, with storm surges reaching up to 15,feet,and catastrophic flooding projected for,,";
"legit kicking my,feet,talking to Gigi right now,,;0";
"IF I PEANUT BUTTER JELLY SANDWICHED MY,FEET,WOULD YOU STILL MARRY ME?,,;0";
"The Tampa area is facing a potential 15-,foot,""storm surge with Hurricane Milton. Here's video of a similar surge in Ft Myers during Hurricane Ian. ;0";
;
"Terrifying."",,;0";
"OHAYOLLIE!! TUESDAY TOESDAY, MAY I LICK YOUR,FEET,-,,;2";
"à¹€à¸”à¸´à¸™à¸Šà¹‰à¸­à¸›à¹€à¸«à¸™à¸·à¹ˆà¸­à¸¢à¹† à¸à¹‡à¸­à¸¢à¹ˆà¸²à¸¥à¸·à¸¡à¹€à¹€à¸§à¸°à¹„à¸›à¸‹à¸·à¹‰à¸­à¸™à¹‰à¸³à¹€à¸•à¸´à¸¡à¸žà¸¥à¸±à¸‡à¸™à¸°à¸®à¸°,Foot,""à¸­à¸µà¹€à¸§à¹‰à¸™à¸•à¹Œà¸™à¸µà¹‰à¸ˆà¸±à¸”à¸—à¸±à¹‰à¸‡à¸«à¸¡à¸” 3 à¸ªà¸²à¸‚à¸²à¹€à¸¥à¸¢à¸™à¸°à¸„à¸±à¸š";
;
- à¹€à¸”à¸­à¸°à¸¡à¸­à¸¥à¸¥à¹Œà¹„à¸¥à¸Ÿà¹Œà¸ªà¹‚à¸•à¸£à¹Œ à¸šà¸²à¸‡à¸à¸°à¸›à¸´;
"à¸­à¸¢à¸¹à¹ˆà¹ƒà¸à¸¥à¹‰ à¸Šà¸±à¹‰à¸™ 1 à¸­à¸¢à¸¹à¹ˆà¸•à¸£à¸‡à¸‚à¹‰à¸²à¸¡"",,";
"Stutzle with an incredible effort to clinch Ottawa win, but we await word on Barkovâ€¦who needed help off the ice after going in,feet,""-first. Hopefully, not serious"",,;0";
"To make up for no fleshy wriggly,feet,""here are my shoes.;0";
"Did you know my shoelaces have more bounce than my. ERr. Other assets?"",,;0";
"Hoyo girls,feet,""reveal game.;0";
"Lady Fu is on da haus. Who's next?"",,;0";
"LEVI COLWILL.,This media has been disabled in response to a report by the copyright owner.,,,;0";
"Today's Recommended Archive | æœ¬æ—¥ã®ãŠã™ã™ã‚ã‚¢ãƒ¼ã‚«ã‚¤ãƒ–,Feet,Chicken,,;0";
"A lovely view of an,feet,787 which was 2000,,;0";
"Stabilized video of the original Big,Foot,video from the 60s,,;0";
"If you were following the story of disabled veteran â€˜Lieutenant Danâ€™ riding out Cat 5 Hurricane Milton on his 20,foot,""boat (took him 5 years to get, & itâ€™s all he owns) in the Tampa Harbor, he will now be SAFE.;0 ";
;
"The Tampa Police Chief visited him, and convinced him to go to a"",,;0";
"When,feet,touched,,;0";
"JD Vance just brilliantly TROLLED Kamala Harris's obvious inability to think on her,feet,"":;0";
;
"The View asked her one thing you would do differently than Joe Biden. You know what she says? 'I can't really think of anything off the top of my head.' In her defense, I'm not sure she"",,;0";
"crazy how FIFA has never given him a 5 star weak,foot,,,;0";
"| I repeat: ð…ð«ðšð§ðœð¢ð¬ðœð¨ ð‚ð¨ð§ðœðžð¢ðœÌ§ðšÌƒð¨ (ðŸðŸ)  is one of the ðð„ð’ð“ ðƒð‘ðˆððð‹ð„ð‘ð’ in the world 

The change of speed, the agility, the quickness of the,feet,"", the technique â€¦ just insane."",,";
"NEW RELEASE,feet,and,,;0";
Mduduzi Shabalala shows brand new tattoo.,,,,;
"REALLY PRETTY,FEET,GIF,,;2";
"NOAA's Atlantic Oceanographic and Meteorological Lab reported that,feet,was inside Hurricane Milton & it recorded wave heights of 28.12,,;0";
"This headucator guy is a full 6,feet,guy with a broad back who could be serving in the army or playing NBA. The gay thingy is becoming a pandemic fr!,,;0";
"Monthly reminder:,feet,are still as pretty as always in the office,,;0";
"Hurricane Milton Update from my home in Fort Myers.;0

As nighttime creeps in, the storm surge continues to rise. Itâ€™s 8 inches higher since my last video and has 4 inches to go before it breaches my sea wall. 

The water is about 3,feet,""above normal, and they have been saying the"",,";
"ì•ˆë…•í•˜ì„¸ìš”. ìŠ¤í”„ë ˆì´í˜• ë°œ ìƒ´í‘¸ìž…ë‹ˆë‹¤.

ì˜¤ëŠ˜ ê¸°ìœ ì¼ì´ ë„ˆë¬´ ë§Žì•„ 
ì„ ë¬¼ ë°ë ¤ì™”ìŠµë‹ˆë‹¤. ì¦ê²¨ì£¼ì„¸ìš”! (~ì˜¤ëŠ˜),,+,,";
"BEAUTIFUL KOKO!!,,,,;0";
"UPDATE: Hurricane Milton from Fort Myers;0

As of my last video the storm surge has gone up by about 10 inches. 

They are calling for up to 12,feet,of storm surge in Fort Myers. 12,,";
"NEW: Florida man 'Lieutenant Dan,' who refuses to evacuate his 20-,foot,""sailboat in Tampa Bay ahead of Hurricane Milton, has raised over $18K so far;0";
;
"Joe Sea shared a video explaining that """"GOD"""" told him to """"come out here and get a boat."""" """"He's got my back. I'm in good shape. I'm"",,;0";
"OTSUCRAZY!! IT WAS A FUN TALK WITH KOE!! COULDN'T BEAT KOE IN THE,FEET,""BUSINESS, HE'S TOO STRONG- THANKS FOR COMING EVERYONE!! BORIKUAAAAAAAAAAAAAAAAAAAAAA"",,;2";
"Foul shot. One,foot,""on the floor at all times, rules are rules."",,;0";
"I WAS LOOKING DOWN FROM MY BED WHILE WIGGLING MY TOES AND MY,FOOT,SCARED THE UNDEAD CRAP OUT OF ME...,,;0";
"Mdu Says Dankie DR;0

Kaizer Chiefs forward Mduduzi Mdantsane gifted his Doctor with his shirt. 

The 29-year-old needed treated after he suffered a jaw injury in a car crash in July.,,,,";
"the cashier at JJ Fish & Chicken shot them and fled on,foot,"", offender in custody with a positive ID."",,;0";
"Let,foot,cut inside onto his left,,;0";
"Best new height to be picked up by a 13-,foot,-tall woman just dropped.,,;0";
"Scott McTominay destroying Serie A is the biggest validation to my processes since I got serious about the sport.;0

â€” 6â€4 mobile athlete.
â€” Wicked ball-striking.
â€” Will runs through the 120mins.
â€” Competes on the ground and air.
â€” Dominant in either box.
â€” Light,feet,under,,";
"A resale?! Time to get your,feet,on the Anya Melfissa slipper!!!,https://abs-0.twimg.com/emoji/v2/svg/1f389.svg,https://abs-0.twimg.com/emoji/v2/svg/1f389.svg;2";
"TakipÃ§imin kuzeni 

Ayak/Ã§orap fetiÅŸ Telegram kanalÄ±mÄ±za katÄ±lÄ±n;,â€¦,ReklamsÄ±z sansÃ¼rsÃ¼z FetiÅŸ - P*rno video kanalÄ±mÄ±z";,,
"Today's supposed to be ZZZ day but it ended up being super productive... Just giggling and figuratively kicking my,feet,now having a brain blast with Ollie,,;0";
"Kaname Tosen utilizes hit-and-run tactics to keep the opponent on the back,foot,before casting them into darkness.,,;0";
"Thank you Shelly!!,,,,;0";
"Well maybe not heels but you know when the back of your,feet,rubs against the edge of the shoe yeahhhh,,;0";
"THANKS FOR COMING!!!;0
Makasih juga,,feet pic-nyaâ€¦,,";
"Its been 15 years since we dropped,feet,""first into hell as the Rookie, on a mission to find Alpha-Nine.;0";
;
"In the shadowed streets of New Mombasa, we uncovered hidden truths, stood alongside its brave people, and shifted the fate of the war.;0";
;
"Happy Birthday, Halo 3: ODST!"",,;0";
".,feet,humiliates,,;1";
"rescued a 91-year-old woman stranded in her home as floodwaters rose in Lithia, near the Alafia River. Residents are currently facing over 6,feet,""of flooding, and our deputies are working hard to ensure everyones safety."",,;0";
"Meleysâ€™ little,feet,""trying to stop Vhagar, the look back to Rhaenys... Everyone moved on, but I stayed here."",,;0";
"hi nice to,feet,you;2";
"Wooooo ty Shelly!!,,>u<,,;0";
"Kothaligad, is a small fort located at 3,100,feet,""in Maharashtra, India, ;0";
;
"This is the climbing trail"",,;0";
"I will praise God in Churchâ€™s Chicken lobby before I ever step,foot,inside Pastor Keion Hendersonâ€™s church. This yâ€™all man of God?,,;0";
"A whale graveyard lies silently as Anna Von Boetticher swims beneath nearly 3,feet,of Greenland pack ice. An award-winning photo by Alex Dawson.,,;0";
"My,feet,hurty but the stage is calling,,;0";
"NEW: CGI simulation by the Weather Channel shows just how destructive Hurricane Milton could be to Florida's west coast.;0

Some areas in Florida are expected to see storm surges of up to 15,feet,"".";
;
"Milton is expected to return to Category 5 today and is expected to make landfall in"",,;0";
Too cute Shellyâ™¡â™¡ tysm!,,,,;
"- #8 ranked light heavyweight
- agreed to fight him on the,feet,""for the fans";
#NAME?;
#NAME?;
;
"Khalil Rountree you are a warrior and have nothing to be ashamed of"",,";
"Zack Moss (,foot,) will play Week 6.,,;0";
"In 1948, Tony Signorini walked on Florida beaches at night wearing 30 lb. three-toed lead shoes. People believed the footprints were from a 15,feet,""tall penguin, thought to be extinct. He kept up the prank for ten years and revealed the hoax 40 years later."",,;0";
"The VIPs are ready.;0 

Elon is making everyone wait.

You are comfortable in your couch.

I am standing.

Does Cybercab give,foot,rubs?,,";
"Beautiful as always,,,,;0";
Cafu,,En plein derby de Rome !!,,;
"*opens bibooâ€™s 3d*

CLINK CLINK CLINK CLINK

whats that noiseâ€¦ oh. itâ€™s her,feet,.,,";
"Thank you Shelly dear!,,,,;0";
"This is what a 15,foot,hurricane storm surge looks like. This is terrifying!,,;0";
"I have a mint patch on each sole of my,feet,I touched so much grass today it feels like I fulfilled my quota for the month,,;0";
"Myself and many others have been warning and posting that the Dem's were shooting themselves in the proverbial,foot,""for years. Every attack on Musk has now instead landed on themselves with double the impact. ;0";
;
"Every missed opportunity to recognize"",,;0";
"In 1969, when black Americans were still prevented from swimming alongside whites, Mr. Rogers decided to invite Officer Clemmons to join him and cool his,feet,""in a pool, breaking a well-known color barrier."",,;0";
".,foot,revealed that Mitchell Robinson will miss the remainder of the calendar year while recovering from,,;0";
Hey,,tu fais quoi Samedi ?,,;
"æ­å–œæˆ‘å¸,foot,""é€šè¿‡èŽ·å¾—å…¨çƒé¦–å®¶è¿ªæ‹œè™šæ‹Ÿèµ„äº§ç›‘ç®¡å±€VARAå®Œæ•´è¿è¥è®¸å¯è¯ï¼Œè¾¾æˆäº†é‡è¦é‡Œç¨‹ç¢‘ï¼";
;
"Grind day by day. Put one"",,;0";
"i want to have 4 PCs so that i can play games with my,feet,,,;0";
